{
    "distanceFromLastTransaction" :	0.27152152834856924,
    "ratioToMedianPurchase" : 2.798901124938246,
    "chip" : false,
    "pin" : false,
    "online": true
}